{
    "$schema": "http://schema.management.azure.com/schemas/2015-01-01/deploymentTemplate.json#",
    "contentVersion": "1.0.0.0",
    "parameters": {
        "functionName": {
            "defaultValue": "TenableVM",
            "minLength": 1,
            "maxLength": 11,
            "type": "string"
        },
        "WorkspaceID": {
            "type": "string",
            "metadata": {
                "description": "Enter Workspace ID of log analytics Workspace."
            }
        },
        "WorkspaceKey": {
            "type": "securestring",
            "metadata": {
                "description": "Enter Primary Key of log analytics Workspace."
            }
        },
        "WorkspaceName": {
            "type": "string",
            "minLength": 1,
            "metadata": {
                "description": "Log analytics workspace name. Can be found under Log analytics \"Settings\"."
            }
        },
        "TenableAccessKey": {
            "type": "securestring",
            "metadata": {
                "description": "Enter Access key for using the Tenable API."
            }
        },
        "TenableSecretKey": {
            "type": "securestring",
            "metadata": {
                "description": "Enter Tenable Secret Key for Authentication."
            }
        },
        "Location": {
            "defaultValue": "[resourceGroup().location]",
            "type": "string",
            "metadata": {
                "description": "The location in which the data collection rules and data collection endpoints should be deployed."
            }
        },
        "AzureClientID": {
            "type": "string",
            "minLength": 1,
            "metadata": {
                "description": "Enter Azure Client Id that you have created during app registration"
            }
        },
        "AzureClientSecret": {
            "type": "securestring",
            "minLength": 1,
            "metadata": {
                "description": "Enter Azure Client Secret that you have created during creating the client secret"
            }
        },
        "TenantID":{
            "type": "string",
            "minLength": 1,
            "metadata": {
                "description": "Enter Tenant Id of your Microsoft Entra ID"
            }
        },
        "AzureEntraObjectId": {
            "type": "string",
            "minLength": 1,
            "metadata": {
                "description": "Enter Object id of your Microsoft Entra App"
            }
        },
        "Lowest Severity to Store": {
            "defaultValue": "Info",
            "allowedValues": [
                "Critical",
                "High",
                "Medium",
                "Low",
                "Info"
            ],
			"metadata": {
                "description": "The Lowest Vulnerability severity to store."
            },
            "type": "string"
        },
        "ComplianceDataIngestion": {
            "type": "bool",
            "defaultValue": false,
            "metadata": {
                "description": "Select true if you want to enable Compliance data ingestion from Tenable VM. Default is false."
            },
            "allowedValues": [
                true,
                false
            ]
        },
        "WASAssetDataIngestion": {
            "type": "bool",
            "defaultValue": false,
            "metadata": {
                "description": "Select true if you want to enable WAS Asset data ingestion from Tenable VM. Default is false."
            },
            "allowedValues": [
                true,
                false
            ]
        },
        "WASVulnerabilityDataIngestion": {
            "type": "bool",
            "defaultValue": false,
            "metadata": {
                "description": "Select true if you want to enable WAS Vulnerability data ingestion from Tenable VM. Default is false."
            },
            "allowedValues": [
                true,
                false
            ]
        },
        "Lowest Severity to Store for WAS": {
            "defaultValue": "Info",
            "allowedValues": [
                "Critical",
                "High",
                "Medium",
                "Low",
                "Info"
            ],
			"metadata": {
                "description": "The Lowest Vulnerability severity to store for WAS."
            },
            "type": "string"
        },
        "TenableExportScheduleInMinutes": {
            "type": "int",
            "defaultValue": 1440,
            "metadata": {
                "description": "Schedule in minutes to create new export job from Tenable VM."
            }
        },
        "AssetTableName": {
            "type": "string",
            "defaultValue": "Tenable_VM_Asset",
            "minLength": 1,
            "metadata": {
                "description": "Enter name of the table used to store Asset Data logs. Please do not keep this field as empty else you will get validation error."
            }
        },
        "VulnTableName": {
            "type": "string",
            "defaultValue": "Tenable_VM_Vuln",
            "minLength": 1,
            "metadata": {
                "description": "Enter name of the table used to store Vulnerability Data logs. Please do not keep this field as empty else you will get validation error."
            }
        },
        "ComplianceTableName": {
            "type": "string",
            "defaultValue": "Tenable_VM_Compliance",
            "minLength": 1,
            "metadata": {
                "description": "Enter name of the table used to store Compliance Data logs. Please do not keep this field as empty else you will get validation error."
            }
        },
        "WASAssetTableName": {
            "type": "string",
            "defaultValue": "Tenable_WAS_Asset",
            "minLength": 1,
            "metadata": {
                "description": "Enter name of the table used to store WAS Asset Data logs. Please do not keep this field as empty else you will get validation error."
            }
        },
        "WASVulnTableName": {
            "type": "string",
            "defaultValue": "Tenable_WAS_Vuln",
            "minLength": 1,
            "metadata": {
                "description": "Enter name of the table used to store WAS Vulnerability Data logs. Please do not keep this field as empty else you will get validation error."
            }
        },
        "AppInsightsWorkspaceResourceID": {
            "type": "string",
            "metadata": {
                "description": "Migrate Classic Application Insights to Log Analytic Workspace which is retiring by 29 Febraury 2024. Use 'Log Analytic Workspace-->Properties' blade having 'Resource ID' property value. This is a fully qualified resourceId which is in format '/subscriptions/{subscriptionId}/resourceGroups/{resourceGroupName}/providers/Microsoft.OperationalInsights/workspaces/{workspaceName}'"
            }
        }
    },
    "variables": {
        "FunctionName": "[concat(toLower(parameters('functionName')), uniqueString(resourceGroup().id))]",
        "StorageSuffix": "[environment().suffixes.storage]",
        "LogAnaltyicsUri": "[replace(environment().portal, 'https://portal', concat('https://', toLower(parameters('workspaceID')), '.ods.opinsights'))]",
        "suffix": "[concat('A', uniqueString(resourceGroup().id))]",
        "endpointName": "[concat(toLower(parameters('FunctionName')),'LogsEndpoint', variables('suffix'))]",
        "mainRuleName": "[concat(toLower(parameters('FunctionName')),'MainCollectionRule', variables('suffix'))]",
        "logWsResId": "[resourceId('Microsoft.OperationalInsights/workspaces', parameters('WorkspaceName'))]",
        "dcrRoleName": "[concat(toLower(parameters('FunctionName')),'EntraRole', variables('suffix'))]",
        "dcrRoleId": "[guid(subscription().id, string(variables('dcrRoleName')))]"
    },
    "resources": [
        {
            "type": "Microsoft.Insights/dataCollectionEndpoints",
            "apiVersion": "2022-06-01",
            "name": "[variables('endpointName')]",
            "location": "[parameters('Location')]",
            "kind": "Linux",
            "properties": {
                "description": "Data collection endpoint for ingestion api",
                "networkAcls": {
                    "publicNetworkAccess": "Enabled"
                }
            }
        },
        {
            "type": "Microsoft.OperationalInsights/workspaces/tables",
            "apiVersion": "2022-10-01",
            "name": "[concat(parameters('WorkspaceName'), '/', parameters('AssetTableName'), '_CL')]",
            "properties": {
                "plan": "Analytics",
                "schema": {
                    "name": "[concat(parameters('AssetTableName'), '_CL')]",
                    "columns": [
                        {
                            "name": "TimeGenerated",
                            "type": "datetime"
                        },
                        {
                            "name": "id",
                            "type": "string"
                        },
                        {
                            "name": "has_agent",
                            "type": "boolean"
                        },
                        {
                            "name": "has_plugin_results",
                            "type": "string"
                        },
                        {
                            "name": "created_at",
                            "type": "datetime"
                        },
                        {
                            "name": "terminated_at",
                            "type": "string"
                        },
                        {
                            "name": "terminated_by",
                            "type": "string"
                        },
                        {
                            "name": "updated_at",
                            "type": "datetime"
                        },
                        {
                            "name": "deleted_at",
                            "type": "string"
                        },
                        {
                            "name": "deleted_by",
                            "type": "string"
                        },
                        {
                            "name": "first_seen",
                            "type": "datetime"
                        },
                        {
                            "name": "last_seen",
                            "type": "datetime"
                        },
                        {
                            "name": "first_scan_time",
                            "type": "datetime"
                        },
                        {
                            "name": "last_scan_time",
                            "type": "datetime"
                        },
                        {
                            "name": "last_authenticated_scan_date",
                            "type": "string"
                        },
                        {
                            "name": "last_licensed_scan_date",
                            "type": "string"
                        },
                        {
                            "name": "last_scan_id",
                            "type": "string"
                        },
                        {
                            "name": "last_schedule_id",
                            "type": "string"
                        },
                        {
                            "name": "azure_vm_id",
                            "type": "string"
                        },
                        {
                            "name": "azure_resource_id",
                            "type": "string"
                        },
                        {
                            "name": "gcp_project_id",
                            "type": "string"
                        },
                        {
                            "name": "gcp_zone",
                            "type": "string"
                        },
                        {
                            "name": "gcp_instance_id",
                            "type": "string"
                        },
                        {
                            "name": "aws_ec2_instance_ami_id",
                            "type": "string"
                        },
                        {
                            "name": "aws_ec2_instance_id",
                            "type": "string"
                        },
                        {
                            "name": "agent_uuid",
                            "type": "string"
                        },
                        {
                            "name": "bios_uuid",
                            "type": "string"
                        },
                        {
                            "name": "network_id",
                            "type": "string"
                        },
                        {
                            "name": "network_name",
                            "type": "string"
                        },
                        {
                            "name": "aws_owner_id",
                            "type": "string"
                        },
                        {
                            "name": "aws_availability_zone",
                            "type": "string"
                        },
                        {
                            "name": "aws_region",
                            "type": "string"
                        },
                        {
                            "name": "aws_vpc_id",
                            "type": "string"
                        },
                        {
                            "name": "aws_ec2_instance_group_name",
                            "type": "string"
                        },
                        {
                            "name": "aws_ec2_instance_state_name",
                            "type": "string"
                        },
                        {
                            "name": "aws_ec2_instance_type",
                            "type": "string"
                        },
                        {
                            "name": "aws_subnet_id",
                            "type": "string"
                        },
                        {
                            "name": "aws_ec2_product_code",
                            "type": "string"
                        },
                        {
                            "name": "aws_ec2_name",
                            "type": "string"
                        },
                        {
                            "name": "mcafee_epo_guid",
                            "type": "string"
                        },
                        {
                            "name": "mcafee_epo_agent_guid",
                            "type": "string"
                        },
                        {
                            "name": "servicenow_sysid",
                            "type": "string"
                        },
                        {
                            "name": "bigfix_asset_id",
                            "type": "string"
                        },
                        {
                            "name": "agent_names",
                            "type": "dynamic"
                        },
                        {
                            "name": "installed_software",
                            "type": "dynamic"
                        },
                        {
                            "name": "ipv4s",
                            "type": "dynamic"
                        },
                        {
                            "name": "ipv6s",
                            "type": "dynamic"
                        },
                        {
                            "name": "fqdns",
                            "type": "dynamic"
                        },
                        {
                            "name": "mac_addresses",
                            "type": "dynamic"
                        },
                        {
                            "name": "netbios_names",
                            "type": "dynamic"
                        },
                        {
                            "name": "operating_systems",
                            "type": "dynamic"
                        },
                        {
                            "name": "system_types",
                            "type": "dynamic"
                        },
                        {
                            "name": "hostnames",
                            "type": "dynamic"
                        },
                        {
                            "name": "ssh_fingerprints",
                            "type": "dynamic"
                        },
                        {
                            "name": "qualys_asset_ids",
                            "type": "dynamic"
                        },
                        {
                            "name": "qualys_host_ids",
                            "type": "dynamic"
                        },
                        {
                            "name": "manufacturer_tpm_ids",
                            "type": "dynamic"
                        },
                        {
                            "name": "symantec_ep_hardware_keys",
                            "type": "dynamic"
                        },
                        {
                            "name": "sources",
                            "type": "dynamic"
                        },
                        {
                            "name": "tags",
                            "type": "dynamic"
                        },
                        {
                            "name": "network_interfaces",
                            "type": "dynamic"
                        },
                        {
                            "name": "open_ports",
                            "type": "dynamic"
                        },
                        {
                            "name": "serial_number",
                            "type": "string"
                        }
                    ]
                }
            }
        },
        {
            "type": "Microsoft.Insights/dataCollectionRules",
            "apiVersion": "2022-06-01",
            "name": "[variables('mainRuleName')]",
            "location": "[parameters('Location')]",
            "dependsOn": [
                "[concat(variables('logWsResId'), '/tables/', parameters('AssetTableName'), '_CL')]"
            ],
            "properties": {
                "dataCollectionEndpointId": "[resourceId('Microsoft.Insights/dataCollectionEndpoints', variables('endpointName'))]",
                "streamDeclarations": {
                    "[concat('Custom-', parameters('AssetTableName'))]": {
                        "columns": [
                            {
                            "name": "TimeGenerated",
                            "type": "datetime"
                            },
                            {
                                "name": "id",
                                "type": "string"
                            },
                            {
                                "name": "has_agent",
                                "type": "boolean"
                            },
                            {
                                "name": "has_plugin_results",
                                "type": "string"
                            },
                            {
                                "name": "created_at",
                                "type": "datetime"
                            },
                            {
                                "name": "terminated_at",
                                "type": "string"
                            },
                            {
                                "name": "terminated_by",
                                "type": "string"
                            },
                            {
                                "name": "updated_at",
                                "type": "datetime"
                            },
                            {
                                "name": "deleted_at",
                                "type": "string"
                            },
                            {
                                "name": "deleted_by",
                                "type": "string"
                            },
                            {
                                "name": "first_seen",
                                "type": "datetime"
                            },
                            {
                                "name": "last_seen",
                                "type": "datetime"
                            },
                            {
                                "name": "first_scan_time",
                                "type": "datetime"
                            },
                            {
                                "name": "last_scan_time",
                                "type": "datetime"
                            },
                            {
                                "name": "last_authenticated_scan_date",
                                "type": "string"
                            },
                            {
                                "name": "last_licensed_scan_date",
                                "type": "string"
                            },
                            {
                                "name": "last_scan_id",
                                "type": "string"
                            },
                            {
                                "name": "last_schedule_id",
                                "type": "string"
                            },
                            {
                                "name": "azure_vm_id",
                                "type": "string"
                            },
                            {
                                "name": "azure_resource_id",
                                "type": "string"
                            },
                            {
                                "name": "gcp_project_id",
                                "type": "string"
                            },
                            {
                                "name": "gcp_zone",
                                "type": "string"
                            },
                            {
                                "name": "gcp_instance_id",
                                "type": "string"
                            },
                            {
                                "name": "aws_ec2_instance_ami_id",
                                "type": "string"
                            },
                            {
                                "name": "aws_ec2_instance_id",
                                "type": "string"
                            },
                            {
                                "name": "agent_uuid",
                                "type": "string"
                            },
                            {
                                "name": "bios_uuid",
                                "type": "string"
                            },
                            {
                                "name": "network_id",
                                "type": "string"
                            },
                            {
                                "name": "network_name",
                                "type": "string"
                            },
                            {
                                "name": "aws_owner_id",
                                "type": "string"
                            },
                            {
                                "name": "aws_availability_zone",
                                "type": "string"
                            },
                            {
                                "name": "aws_region",
                                "type": "string"
                            },
                            {
                                "name": "aws_vpc_id",
                                "type": "string"
                            },
                            {
                                "name": "aws_ec2_instance_group_name",
                                "type": "string"
                            },
                            {
                                "name": "aws_ec2_instance_state_name",
                                "type": "string"
                            },
                            {
                                "name": "aws_ec2_instance_type",
                                "type": "string"
                            },
                            {
                                "name": "aws_subnet_id",
                                "type": "string"
                            },
                            {
                                "name": "aws_ec2_product_code",
                                "type": "string"
                            },
                            {
                                "name": "aws_ec2_name",
                                "type": "string"
                            },
                            {
                                "name": "mcafee_epo_guid",
                                "type": "string"
                            },
                            {
                                "name": "mcafee_epo_agent_guid",
                                "type": "string"
                            },
                            {
                                "name": "servicenow_sysid",
                                "type": "string"
                            },
                            {
                                "name": "bigfix_asset_id",
                                "type": "string"
                            },
                            {
                                "name": "agent_names",
                                "type": "dynamic"
                            },
                            {
                                "name": "installed_software",
                                "type": "dynamic"
                            },
                            {
                                "name": "ipv4s",
                                "type": "dynamic"
                            },
                            {
                                "name": "ipv6s",
                                "type": "dynamic"
                            },
                            {
                                "name": "fqdns",
                                "type": "dynamic"
                            },
                            {
                                "name": "mac_addresses",
                                "type": "dynamic"
                            },
                            {
                                "name": "netbios_names",
                                "type": "dynamic"
                            },
                            {
                                "name": "operating_systems",
                                "type": "dynamic"
                            },
                            {
                                "name": "system_types",
                                "type": "dynamic"
                            },
                            {
                                "name": "hostnames",
                                "type": "dynamic"
                            },
                            {
                                "name": "ssh_fingerprints",
                                "type": "dynamic"
                            },
                            {
                                "name": "qualys_asset_ids",
                                "type": "dynamic"
                            },
                            {
                                "name": "qualys_host_ids",
                                "type": "dynamic"
                            },
                            {
                                "name": "manufacturer_tpm_ids",
                                "type": "dynamic"
                            },
                            {
                                "name": "symantec_ep_hardware_keys",
                                "type": "dynamic"
                            },
                            {
                                "name": "sources",
                                "type": "dynamic"
                            },
                            {
                                "name": "tags",
                                "type": "dynamic"
                            },
                            {
                                "name": "network_interfaces",
                                "type": "dynamic"
                            },
                            {
                                "name": "open_ports",
                                "type": "dynamic"
                            },
                            {
                                "name": "serial_number",
                                "type": "string"
                            }
                        ]
                    }
                },
                "destinations": {
                    "logAnalytics": [
                        {
                            "workspaceResourceId": "[parameters('AppInsightsWorkspaceResourceID')]",
                            "name": "[concat('RuleDest', variables('suffix'))]"
                        }
                    ]
                },
                "dataFlows": [
                    {
                        "streams": [
                            "[concat('Custom-', parameters('AssetTableName'))]"
                        ],
                        "destinations": [
                            "[concat('RuleDest', variables('suffix'))]"
                        ],
                        "transformKql": "source\n| extend TimeGenerated = todatetime(now())",
                        "outputStream": "[concat('Custom-', parameters('AssetTableName'), '_CL')]"
                    }
                ]
            }
        },
        {
            "type": "Microsoft.Insights/components",
            "apiVersion": "2020-02-02",
            "name": "[variables('FunctionName')]",
            "location": "[resourceGroup().location]",
            "kind": "web",
            "properties": {
                "Application_Type": "web",
                "ApplicationId": "[variables('FunctionName')]",
                "WorkspaceResourceId": "[parameters('AppInsightsWorkspaceResourceID')]"
            }
        },
        {
            "type": "Microsoft.Storage/storageAccounts",
            "apiVersion": "2019-06-01",
            "name": "[tolower(variables('FunctionName'))]",
            "location": "[resourceGroup().location]",
            "sku": {
                "name": "Standard_LRS",
                "tier": "Standard"
            },
            "kind": "StorageV2",
            "properties": {
                "networkAcls": {
                    "bypass": "AzureServices",
                    "virtualNetworkRules": [],
                    "ipRules": [],
                    "defaultAction": "Allow"
                },
                "supportsHttpsTrafficOnly": true,
                "encryption": {
                    "services": {
                        "file": {
                            "keyType": "Account",
                            "enabled": true
                        },
                        "blob": {
                            "keyType": "Account",
                            "enabled": true
                        }
                    },
                    "keySource": "Microsoft.Storage"
                },
                 "minimumTlsVersion": "TLS1_2"
            }
        },
        {
            "type": "Microsoft.Storage/storageAccounts/blobServices",
            "apiVersion": "2019-06-01",
            "name": "[concat(variables('FunctionName'), '/default')]",
            "dependsOn": [
                "[resourceId('Microsoft.Storage/storageAccounts', tolower(variables('FunctionName')))]"
            ],
            "sku": {
                "name": "Standard_LRS",
                "tier": "Standard"
            },
            "properties": {
                "cors": {
                    "corsRules": []
                },
                "deleteRetentionPolicy": {
                    "enabled": false
                }
            }
        },
        {
            "type": "Microsoft.Storage/storageAccounts/fileServices",
            "apiVersion": "2019-06-01",
            "name": "[concat(variables('FunctionName'), '/default')]",
            "dependsOn": [
                "[resourceId('Microsoft.Storage/storageAccounts', tolower(variables('FunctionName')))]"
            ],
            "sku": {
                "name": "Standard_LRS",
                "tier": "Standard"
            },
            "properties": {
                "cors": {
                    "corsRules": []
                }
            }
        },
        {
            "type": "Microsoft.Web/sites",
            "apiVersion": "2018-11-01",
            "name": "[variables('FunctionName')]",
            "location": "[resourceGroup().location]",
            "dependsOn": [
                "[resourceId('Microsoft.Storage/storageAccounts', tolower(variables('FunctionName')))]",
                "[resourceId('Microsoft.Insights/components', variables('FunctionName'))]"
            ],
            "kind": "functionapp,linux",
            "identity": {
                "type": "SystemAssigned"
            },
            "tags": {
                "Tenable": "AzureSentinel"
            },
            "properties": {
                "name": "[variables('FunctionName')]",
                "httpsOnly": true,
                "clientAffinityEnabled": true,
                "alwaysOn": true,
                "reserved": true,
                "siteConfig": {
                    "linuxFxVersion": "python|3.12"
                }
            },
            "resources": [
                {
                    "apiVersion": "2018-11-01",
                    "type": "config",
                    "name": "appsettings",
                    "dependsOn": [
                        "[concat('Microsoft.Web/sites/', variables('FunctionName'))]"
                    ],
                    "properties": {
                        "FUNCTIONS_EXTENSION_VERSION": "~4",
                        "FUNCTIONS_WORKER_RUNTIME": "python",
                        "APPINSIGHTS_INSTRUMENTATIONKEY": "[reference(resourceId('Microsoft.insights/components', variables('FunctionName')), '2015-05-01').InstrumentationKey]",
                        "APPLICATIONINSIGHTS_CONNECTION_STRING": "[reference(resourceId('microsoft.insights/components', variables('FunctionName')), '2015-05-01').ConnectionString]",
                        "AzureWebJobsStorage": "[concat('DefaultEndpointsProtocol=https;AccountName=', toLower(variables('FunctionName')),';AccountKey=',listKeys(resourceId('Microsoft.Storage/storageAccounts', toLower(variables('functionName'))), '2019-06-01').keys[0].value, ';EndpointSuffix=',toLower(variables('StorageSuffix')))]",
                        "WorkspaceID": "[parameters('WorkspaceID')]",
                        "WorkspaceKey": "[parameters('WorkspaceKey')]",
                        "TIO_SECRET_KEY": "[parameters('TenableSecretKey')]",
                        "TIO_ACCESS_KEY": "[parameters('TenableAccessKey')]",
                        "AZURE_CLIENT_ID": "[trim(parameters('AzureClientID'))]",
                        "AZURE_CLIENT_SECRET": "[trim(parameters('AzureClientSecret'))]",
                        "AZURE_TENANT_ID": "[trim(parameters('TenantID'))]",
                        "LowestSeveritytoStore": "[parameters('Lowest Severity to Store')]",
                        "ComplianceDataIngestion": "[parameters('ComplianceDataIngestion')]",
                        "WASAssetDataIngestion": "[parameters('WASAssetDataIngestion')]",
                        "WASVulnerabilityDataIngestion": "[parameters('WASVulnerabilityDataIngestion')]",
                        "TenableExportScheduleInMinutes": "[parameters('TenableExportScheduleInMinutes')]",
                        "LowestSeveritytoStoreWAS": "[parameters('Lowest Severity to Store for WAS')]",
                        "AssetTableName": "[parameters('AssetTableName')]",
                        "VulnTableName": "[parameters('VulnTableName')]",
                        "ComplianceTableName": "[parameters('ComplianceTableName')]",
                        "WASAssetTableName": "[parameters('WASAssetTableName')]",
                        "WASVulnTableName": "[parameters('WASVulnTableName')]",
                        "PyTenableUAVendor": "Microsoft",
                        "PyTenableUAProduct": "Azure Sentinel",
                        "PyTenableUABuild": "0.0.1",
                        "logAnalyticsUri": "[variables('LogAnaltyicsUri')]",
                        "WEBSITE_RUN_FROM_PACKAGE": "https://github.com/niralishah-crest/TenableVM/raw/refs/heads/main/TenDS1605.zip",
                        "AZURE_DATA_COLLECTION_ENDPOINT": "[reference(resourceId('Microsoft.Insights/dataCollectionEndpoints', variables('endpointName'))).logsIngestion.endpoint]",
                        "AZURE_DATA_COLLECTION_RULE_ID_MAIN_TABLES": "[reference(resourceId('Microsoft.Insights/dataCollectionRules', variables('mainRuleName'))).immutableId]" 
                    }
                }
            ]
        },
        {
            "type": "Microsoft.Storage/storageAccounts/blobServices/containers",
            "apiVersion": "2019-06-01",
            "name": "[concat(variables('FunctionName'), '/default/azure-webjobs-hosts')]",
            "dependsOn": [
                "[resourceId('Microsoft.Storage/storageAccounts/blobServices', variables('FunctionName'), 'default')]",
                "[resourceId('Microsoft.Storage/storageAccounts', variables('FunctionName'))]"
            ],
            "properties": {
                "publicAccess": "None"
            }
        },
        {
            "type": "Microsoft.Storage/storageAccounts/blobServices/containers",
            "apiVersion": "2019-06-01",
            "name": "[concat(variables('FunctionName'), '/default/azure-webjobs-secrets')]",
            "dependsOn": [
                "[resourceId('Microsoft.Storage/storageAccounts/blobServices', variables('FunctionName'), 'default')]",
                "[resourceId('Microsoft.Storage/storageAccounts', variables('FunctionName'))]"
            ],
            "properties": {
                "publicAccess": "None"
            }
        },
        {
            "type": "Microsoft.Storage/storageAccounts/fileServices/shares",
            "apiVersion": "2019-06-01",
            "name": "[concat(variables('FunctionName'), '/default/', tolower(variables('FunctionName')))]",
            "dependsOn": [
                "[resourceId('Microsoft.Storage/storageAccounts/fileServices', variables('FunctionName'), 'default')]",
                "[resourceId('Microsoft.Storage/storageAccounts', variables('FunctionName'))]"
            ],
            "properties": {
                "shareQuota": 5120
            }
        },
        {
            "type": "Microsoft.Authorization/roleDefinitions",
            "apiVersion": "2022-04-01",
            "name": "[variables('dcrRoleId')]",
            "properties": {
                "assignableScopes": [
                    "[resourceGroup().id]",
                    "[resourceId('Microsoft.Insights/dataCollectionRules', variables('mainRuleName'))]"
                ],
                "description": "Entra ID application access role",
                "permissions": [
                    {
                        "actions": [
                            "Microsoft.Insights/Register/Action",
                            "Microsoft.Support/*",
                            "Microsoft.Resources/subscriptions/resourceGroups/read"
                        ],
                        "dataActions": [
                            "Microsoft.Insights/Metrics/Write",
                            "Microsoft.Insights/Telemetry/Write"
                        ]
                    }
                ],
                "roleName": "[variables('dcrRoleName')]",
                "type": "customRole"
            }
        },
        {
            "type": "Microsoft.Authorization/roleAssignments",
            "apiVersion": "2022-04-01",
            "name": "[guid(resourceGroup().id, concat('Main DCR Role assignment', variables('FunctionName')))]",
            "dependsOn": [
                "[variables('dcrRoleId')]",
                "[variables('mainRuleName')]"
            ],
            "scope": "[resourceId('Microsoft.Insights/dataCollectionRules', variables('mainRuleName'))]",
            "properties": {
                "roleDefinitionId": "[resourceId('Microsoft.Authorization/roleDefinitions', variables('dcrRoleId'))]",
                "principalId": "[parameters('AzureEntraObjectId')]"
            }
        }
    ]
}