{
  "version": "2.0",
  "logging": {
    "applicationInsights": {
      "samplingSettings": {
        "isEnabled": true,
        "excludedTypes": "Request"
      }
    },
    "logLevel": {
      "default": "Trace",
      "Host.Results": "Trace",
      "Function": "Trace",
      "Host.Aggregator": "Trace"
    }
  },
  "extensionBundle": {
    "id": "Microsoft.Azure.Functions.ExtensionBundle",
    "version": "[3.*, 4.0.0)"
  },
  "extensions": {
    "durableTask": {
      "storageProvider": {
        "type": "AzureStorage"
      }
    }
  },
  "concurrency": {
    "dynamicConcurrencyEnabled": true,
    "snapshotPersistenceEnabled": true
  },
  "functionTimeout": "00:10:00"
}