{
    "$schema": "http://schema.management.azure.com/schemas/2015-01-01/deploymentTemplate.json#",
    "contentVersion": "1.0.0.0",
    "parameters": {
        "functionName": {
            "defaultValue": "TenableVM",
            "minLength": 1,
            "maxLength": 11,
            "type": "string"
        },
        "WorkspaceID": {
            "type": "string",
            "metadata": {
                "description": "Enter Workspace ID of log analytics Workspace"
            }
        },
        "WorkspaceKey": {
            "type": "securestring",
            "metadata": {
                "description": "Enter Primary Key of log analytics Workspace"
            }
        },
        "TenableAccessKey": {
            "type": "securestring",
            "metadata": {
                "description": "Enter Access key for using the Tenable API"
            }
        },
        "TenableSecretKey": {
            "type": "securestring",
            "metadata": {
                "description": "Enter Tenable Secret Key for Authentication"
            }
        },
        "Lowest Severity to Store": {
            "defaultValue": "Info",
            "allowedValues": [
                "Critical",
                "High",
                "Medium",
                "Low",
                "Info"
            ],
			"metadata": {
                "description": "The Lowest Vulnerability severity to store."
            },
            "type": "string"
        },
        "ComplianceDataIngestion": {
            "type": "bool",
            "defaultValue": false,
            "metadata": {
                "description": "Select true if you want to enable compliance data ingestion from Tenable VM. Default is false."
            },
            "allowedValues": [
                true,
                false
            ]
        },
        "TenableExportScheduleInMinutes": {
            "type": "int",
            "defaultValue": 1440
        },
        "AppInsightsWorkspaceResourceID": {
            "type": "string",
            "metadata": {
                "description": "Migrate Classic Application Insights to Log Analytic Workspace which is retiring by 29 Febraury 2024. Use 'Log Analytic Workspace-->Properties' blade having 'Resource ID' property value. This is a fully qualified resourceId which is in format '/subscriptions/{subscriptionId}/resourceGroups/{resourceGroupName}/providers/Microsoft.OperationalInsights/workspaces/{workspaceName}'"
            }
        }
    },
    "variables": {
        "FunctionName": "[concat(toLower(parameters('functionName')), uniqueString(resourceGroup().id))]",
        "StorageSuffix": "[environment().suffixes.storage]",
        "LogAnaltyicsUri": "[replace(environment().portal, 'https://portal', concat('https://', toLower(parameters('workspaceID')), '.ods.opinsights'))]"
    },
    "resources": [
        {
            "type": "Microsoft.Insights/components",
            "apiVersion": "2020-02-02",
            "name": "[variables('FunctionName')]",
            "location": "[resourceGroup().location]",
            "kind": "web",
            "properties": {
                "Application_Type": "web",
                "ApplicationId": "[variables('FunctionName')]",
                "WorkspaceResourceId": "[parameters('AppInsightsWorkspaceResourceID')]"
            }
        },
        {
            "type": "Microsoft.Storage/storageAccounts",
            "apiVersion": "2019-06-01",
            "name": "[tolower(variables('FunctionName'))]",
            "location": "[resourceGroup().location]",
            "sku": {
                "name": "Standard_LRS",
                "tier": "Standard"
            },
            "kind": "StorageV2",
            "properties": {
                "networkAcls": {
                    "bypass": "AzureServices",
                    "virtualNetworkRules": [],
                    "ipRules": [],
                    "defaultAction": "Allow"
                },
                "supportsHttpsTrafficOnly": true,
                "encryption": {
                    "services": {
                        "file": {
                            "keyType": "Account",
                            "enabled": true
                        },
                        "blob": {
                            "keyType": "Account",
                            "enabled": true
                        }
                    },
                    "keySource": "Microsoft.Storage"
                },
                 "minimumTlsVersion": "TLS1_2"
            }
        },
        {
            "type": "Microsoft.Storage/storageAccounts/blobServices",
            "apiVersion": "2019-06-01",
            "name": "[concat(variables('FunctionName'), '/default')]",
            "dependsOn": [
                "[resourceId('Microsoft.Storage/storageAccounts', tolower(variables('FunctionName')))]"
            ],
            "sku": {
                "name": "Standard_LRS",
                "tier": "Standard"
            },
            "properties": {
                "cors": {
                    "corsRules": []
                },
                "deleteRetentionPolicy": {
                    "enabled": false
                }
            }
        },
        {
            "type": "Microsoft.Storage/storageAccounts/fileServices",
            "apiVersion": "2019-06-01",
            "name": "[concat(variables('FunctionName'), '/default')]",
            "dependsOn": [
                "[resourceId('Microsoft.Storage/storageAccounts', tolower(variables('FunctionName')))]"
            ],
            "sku": {
                "name": "Standard_LRS",
                "tier": "Standard"
            },
            "properties": {
                "cors": {
                    "corsRules": []
                }
            }
        },
        {
            "type": "Microsoft.Web/sites",
            "apiVersion": "2018-11-01",
            "name": "[variables('FunctionName')]",
            "location": "[resourceGroup().location]",
            "dependsOn": [
                "[resourceId('Microsoft.Storage/storageAccounts', tolower(variables('FunctionName')))]",
                "[resourceId('Microsoft.Insights/components', variables('FunctionName'))]"
            ],
            "kind": "functionapp,linux",
            "identity": {
                "type": "SystemAssigned"
            },
            "tags": {
                "Tenable": "AzureSentinel"
            },
            "properties": {
                "name": "[variables('FunctionName')]",
                "httpsOnly": true,
                "clientAffinityEnabled": true,
                "alwaysOn": true,
                "reserved": true,
                "siteConfig": {
                    "linuxFxVersion": "python|3.12"
                }
            },
            "resources": [
                {
                    "apiVersion": "2018-11-01",
                    "type": "config",
                    "name": "appsettings",
                    "dependsOn": [
                        "[concat('Microsoft.Web/sites/', variables('FunctionName'))]"
                    ],
                    "properties": {
                        "FUNCTIONS_EXTENSION_VERSION": "~4",
                        "FUNCTIONS_WORKER_RUNTIME": "python",
                        "APPINSIGHTS_INSTRUMENTATIONKEY": "[reference(resourceId('Microsoft.insights/components', variables('FunctionName')), '2015-05-01').InstrumentationKey]",
                        "APPLICATIONINSIGHTS_CONNECTION_STRING": "[reference(resourceId('microsoft.insights/components', variables('FunctionName')), '2015-05-01').ConnectionString]",
                        "AzureWebJobsStorage": "[concat('DefaultEndpointsProtocol=https;AccountName=', toLower(variables('FunctionName')),';AccountKey=',listKeys(resourceId('Microsoft.Storage/storageAccounts', toLower(variables('functionName'))), '2019-06-01').keys[0].value, ';EndpointSuffix=',toLower(variables('StorageSuffix')))]",
                        "WorkspaceID": "[parameters('WorkspaceID')]",
                        "WorkspaceKey": "[parameters('WorkspaceKey')]",
                        "TIO_SECRET_KEY": "[parameters('TenableSecretKey')]",
                        "TIO_ACCESS_KEY": "[parameters('TenableAccessKey')]",
                        "LowestSeveritytoStore": "[parameters('Lowest Severity to Store')]",
                        "ComplianceDataIngestion": "[parameters('ComplianceDataIngestion')]",
                        "TenableExportScheduleInMinutes": "[parameters('TenableExportScheduleInMinutes')]",
                        "PyTenableUAVendor": "Microsoft",
                        "PyTenableUAProduct": "Azure Sentinel",
                        "PyTenableUABuild": "0.0.1",
                        "logAnalyticsUri": "[variables('LogAnaltyicsUri')]",
                        "WEBSITE_RUN_FROM_PACKAGE": "https://github.com/niralishah-crest/TenableVM/raw/refs/heads/main/TenDSVuln2304.zip"
                    }
                }
            ]
        },
        {
            "type": "Microsoft.Storage/storageAccounts/blobServices/containers",
            "apiVersion": "2019-06-01",
            "name": "[concat(variables('FunctionName'), '/default/azure-webjobs-hosts')]",
            "dependsOn": [
                "[resourceId('Microsoft.Storage/storageAccounts/blobServices', variables('FunctionName'), 'default')]",
                "[resourceId('Microsoft.Storage/storageAccounts', variables('FunctionName'))]"
            ],
            "properties": {
                "publicAccess": "None"
            }
        },
        {
            "type": "Microsoft.Storage/storageAccounts/blobServices/containers",
            "apiVersion": "2019-06-01",
            "name": "[concat(variables('FunctionName'), '/default/azure-webjobs-secrets')]",
            "dependsOn": [
                "[resourceId('Microsoft.Storage/storageAccounts/blobServices', variables('FunctionName'), 'default')]",
                "[resourceId('Microsoft.Storage/storageAccounts', variables('FunctionName'))]"
            ],
            "properties": {
                "publicAccess": "None"
            }
        },
        {
            "type": "Microsoft.Storage/storageAccounts/fileServices/shares",
            "apiVersion": "2019-06-01",
            "name": "[concat(variables('FunctionName'), '/default/', tolower(variables('FunctionName')))]",
            "dependsOn": [
                "[resourceId('Microsoft.Storage/storageAccounts/fileServices', variables('FunctionName'), 'default')]",
                "[resourceId('Microsoft.Storage/storageAccounts', variables('FunctionName'))]"
            ],
            "properties": {
                "shareQuota": 5120
            }
        }
    ]
}